"title","description","category","prep_time_minutes","cook_time_minutes","servings","difficulty","glycemic_index_category","sopk_benefits","dietary_tags","symptom_targets","cycle_phases","main_nutrients","estimated_calories","mood_boosting","season","ingredients","instructions","tips","nutritional_info"
"Overnight oats chia‑baies","Porridge sans cuisson riche en fibres et antioxydants, stabilise la glycémie. Sources: USDA FoodData Central (estimations), University of Sydney GI Foundation/International GI tables, Harvard T.H. Chan School of Public Health.","breakfast","8","0","2","easy","low","{insulin_regulation,hormone_balance,weight_management}","{vegetarian,high_fiber,gluten_free,dairy_free}","{insulin_resistance,cravings,inflammation}","{follicular,ovulation}","{fiber,magnesium,antioxidants,protein}","342","True","{summer}","[{\"name\": \"flocons d'avoine petits\", \"quantity\": \"80g\", \"category\": \"grains\"}, {\"name\": \"graines de chia\", \"quantity\": \"25g\", \"category\": \"other\"}, {\"name\": \"lait d'amande\", \"quantity\": \"300ml\", \"category\": \"other\"}, {\"name\": \"baies mélangés\", \"quantity\": \"120g\", \"category\": \"fruits\"}, {\"name\": \"amandes concassées\", \"quantity\": \"20g\", \"category\": \"fats\"}, {\"name\": \"cannelle\", \"quantity\": \"1/2 càc\", \"category\": \"spices\"}]","[{\"step\": 1, \"instruction\": \"Mélanger avoine, chia et cannelle dans un bocal.\", \"duration_minutes\": 2}, {\"step\": 2, \"instruction\": \"Ajouter le lait végétal, remuer et couvrir.\", \"duration_minutes\": 1}, {\"step\": 3, \"instruction\": \"Réfrigérer au moins 6 heures.\", \"duration_minutes\": 0}, {\"step\": 4, \"instruction\": \"Ajouter les fruits et les amandes avant de servir.\", \"duration_minutes\": 2}]","Préparez 2-3 bocaux d'avance pour la semaine. Sucrez légèrement au goût (optionnel).","{\"calories\": 342, \"protein\": 12, \"carbs\": 42, \"fat\": 14, \"fiber\": 10, \"sugar\": 8}"
"Smoothie vert énergisant","Smoothie vert riche en magnésium et oméga-3 végétaux, aide contre la fatigue. Sources: USDA FoodData Central (estimations), University of Sydney GI Foundation/International GI tables, Harvard T.H. Chan School of Public Health.","breakfast","7","0","2","beginner","low","{energy_boost,insulin_regulation,inflammation_reduction}","{vegan,gluten_free,high_fiber,dairy_free}","{fatigue,insulin_resistance,inflammation}","{follicular,ovulation}","{fiber,magnesium,antioxidants,omega3}","302","True","{spring}","[{\"name\": \"épinards frais\", \"quantity\": \"2 poignées\", \"category\": \"vegetables\"}, {\"name\": \"avocat\", \"quantity\": \"1/2\", \"category\": \"vegetables\"}, {\"name\": \"banane\", \"quantity\": \"1 petite\", \"category\": \"fruits\"}, {\"name\": \"graines de lin moulues\", \"quantity\": \"2 càs\", \"category\": \"other\"}, {\"name\": \"lait d'avoine\", \"quantity\": \"300ml\", \"category\": \"other\"}, {\"name\": \"citron\", \"quantity\": \"1/2 (jus)\", \"category\": \"fruits\"}]","[{\"step\": 1, \"instruction\": \"Mettre tous les ingrédients dans un blender.\", \"duration_minutes\": 1}, {\"step\": 2, \"instruction\": \"Mixer jusqu'à texture lisse.\", \"duration_minutes\": 2}, {\"step\": 3, \"instruction\": \"Servir immédiatement.\", \"duration_minutes\": 1}]","Ajoutez des glaçons pour une texture plus épaisse; utilisez des fruits surgelés.","{\"calories\": 302, \"protein\": 8, \"carbs\": 36, \"fat\": 14, \"fiber\": 10, \"sugar\": 18}"
"Omelette épinards & feta","Omelette moelleuse riche en protéines de qualité et micronutriments. Sources: USDA FoodData Central (estimations), University of Sydney GI Foundation/International GI tables, Harvard T.H. Chan School of Public Health.","breakfast","5","7","2","beginner","low","{hormone_balance,energy_boost}","{vegetarian,gluten_free,high_protein}","{fatigue,period_pain,cravings}","{menstrual,luteal}","{protein,iron,vitamin_b12,calcium}","276","True","{all_seasons}","[{\"name\": \"œufs\", \"quantity\": \"4\", \"category\": \"proteins\"}, {\"name\": \"épinards\", \"quantity\": \"120g\", \"category\": \"vegetables\"}, {\"name\": \"fromage feta\", \"quantity\": \"50g\", \"category\": \"dairy\"}, {\"name\": \"oignon\", \"quantity\": \"1/2 (émincé)\", \"category\": \"vegetables\"}, {\"name\": \"huile d'olive\", \"quantity\": \"1 càs\", \"category\": \"fats\"}]","[{\"step\": 1, \"instruction\": \"Battre les œufs dans un bol.\", \"duration_minutes\": 1}, {\"step\": 2, \"instruction\": \"Faire revenir l'oignon 2 minutes dans l'huile.\", \"duration_minutes\": 2}, {\"step\": 3, \"instruction\": \"Ajouter épinards et cuire 2 minutes.\", \"duration_minutes\": 2}, {\"step\": 4, \"instruction\": \"Verser les œufs, cuire doucement puis ajouter la feta et plier.\", \"duration_minutes\": 3}]","Servez avec une tranche de pain intégral ou une salade verte pour plus de fibres.","{\"calories\": 276, \"protein\": 20, \"carbs\": 4, \"fat\": 20, \"fiber\": 2, \"sugar\": 2}"
"Pudding de chia coco‑fruits rouges","Pudding onctueux riche en oméga-3 et fibres, IG bas. Sources: USDA FoodData Central (estimations), University of Sydney GI Foundation/International GI tables, Harvard T.H. Chan School of Public Health.","breakfast","5","0","2","easy","low","{inflammation_reduction,insulin_regulation,hormone_balance}","{vegan,gluten_free,high_fiber,dairy_free}","{inflammation,cravings,insulin_resistance}","{ovulation,follicular}","{omega3,fiber,magnesium,calcium}","306","True","{summer}","[{\"name\": \"graines de chia\", \"quantity\": \"60g\", \"category\": \"other\"}, {\"name\": \"lait de coco léger\", \"quantity\": \"350ml\", \"category\": \"other\"}, {\"name\": \"fruits rouges\", \"quantity\": \"120g\", \"category\": \"fruits\"}, {\"name\": \"noix de coco râpée\", \"quantity\": \"1 càs\", \"category\": \"fats\"}, {\"name\": \"extrait de vanille\", \"quantity\": \"1/2 càc\", \"category\": \"other\"}]","[{\"step\": 1, \"instruction\": \"Mélanger graines de chia, lait de coco et vanille.\", \"duration_minutes\": 2}, {\"step\": 2, \"instruction\": \"Réfrigérer au moins 4 heures en remuant une fois.\", \"duration_minutes\": 0}, {\"step\": 3, \"instruction\": \"Servir garni de fruits et noix de coco.\", \"duration_minutes\": 2}]","Sucrez légèrement si besoin avec un filet de sirop d'érable; préparer la veille pour gagner du temps.","{\"calories\": 306, \"protein\": 8, \"carbs\": 28, \"fat\": 18, \"fiber\": 11, \"sugar\": 10}"
"Pancakes sarrasin aux myrtilles","Pancakes au sarrasin (sans gluten) et fruits, IG bas. Sources: USDA FoodData Central (estimations), University of Sydney GI Foundation/International GI tables, Harvard T.H. Chan School of Public Health.","breakfast","10","10","2","medium","low","{insulin_regulation,weight_management,inflammation_reduction}","{vegetarian,gluten_free,high_fiber}","{cravings,inflammation,insulin_resistance}","{luteal}","{fiber,magnesium,antioxidants,protein}","312","True","{summer}","[{\"name\": \"farine de sarrasin\", \"quantity\": \"110g\", \"category\": \"grains\"}, {\"name\": \"œuf\", \"quantity\": \"1\", \"category\": \"proteins\"}, {\"name\": \"lait d'amande\", \"quantity\": \"220ml\", \"category\": \"other\"}, {\"name\": \"levure chimique\", \"quantity\": \"1 càc\", \"category\": \"other\"}, {\"name\": \"myrtilles\", \"quantity\": \"120g\", \"category\": \"fruits\"}, {\"name\": \"huile de coco\", \"quantity\": \"1 càs\", \"category\": \"fats\"}]","[{\"step\": 1, \"instruction\": \"Mélanger farine et levure.\", \"duration_minutes\": 1}, {\"step\": 2, \"instruction\": \"Ajouter œuf et lait, fouetter.\", \"duration_minutes\": 3}, {\"step\": 3, \"instruction\": \"Cuire des petites crêpes dans l'huile de coco, ajouter des fruits sur la pâte.\", \"duration_minutes\": 6}]","Remplacez l'œuf par 1 càs de graines de lin + 3 càs d'eau (repos 5 min) pour une version vegan.","{\"calories\": 312, \"protein\": 9, \"carbs\": 42, \"fat\": 12, \"fiber\": 7, \"sugar\": 8}"
"Brouillade de tofu aux légumes","Brouillade de tofu riche en protéines végétales et épices anti-inflammatoires. Sources: USDA FoodData Central (estimations), University of Sydney GI Foundation/International GI tables, Harvard T.H. Chan School of Public Health.","breakfast","10","8","2","easy","low","{hormone_balance,inflammation_reduction,insulin_regulation}","{vegan,gluten_free,high_protein}","{fatigue,inflammation,cravings}","{menstrual,follicular}","{protein,iron,magnesium,antioxidants}","246","True","{all_seasons}","[{\"name\": \"tofu ferme\", \"quantity\": \"250g\", \"category\": \"proteins\"}, {\"name\": \"épinards\", \"quantity\": \"100g\", \"category\": \"vegetables\"}, {\"name\": \"poivron rouge\", \"quantity\": \"1/2\", \"category\": \"vegetables\"}, {\"name\": \"oignon\", \"quantity\": \"1/2\", \"category\": \"vegetables\"}, {\"name\": \"curcuma\", \"quantity\": \"1/2 càc\", \"category\": \"spices\"}, {\"name\": \"huile d'olive\", \"quantity\": \"1 càs\", \"category\": \"fats\"}]","[{\"step\": 1, \"instruction\": \"Émietter le tofu.\", \"duration_minutes\": 1}, {\"step\": 2, \"instruction\": \"Sauter oignon et poivron 3 min.\", \"duration_minutes\": 3}, {\"step\": 3, \"instruction\": \"Ajouter tofu et curcuma, cuire 4 min.\", \"duration_minutes\": 4}, {\"step\": 4, \"instruction\": \"Ajouter épinards 1 min, assaisonner.\", \"duration_minutes\": 1}]","Ajoutez 1 càs de levure nutritionnelle pour une note fromagée et plus de B12 (si enrichie).","{\"calories\": 246, \"protein\": 22, \"carbs\": 8, \"fat\": 14, \"fiber\": 4, \"sugar\": 3}"
"Overnight oats pomme‑cannelle","Porridge sans cuisson riche en fibres et antioxydants, stabilise la glycémie. Sources: USDA FoodData Central (estimations), University of Sydney GI Foundation/International GI tables, Harvard T.H. Chan School of Public Health.","breakfast","8","0","2","easy","low","{insulin_regulation,hormone_balance,weight_management}","{vegetarian,high_fiber,gluten_free,dairy_free}","{insulin_resistance,cravings,inflammation}","{follicular,ovulation}","{fiber,magnesium,antioxidants,protein}","342","True","{summer}","[{\"name\": \"flocons d'avoine petits\", \"quantity\": \"80g\", \"category\": \"grains\"}, {\"name\": \"graines de chia\", \"quantity\": \"25g\", \"category\": \"other\"}, {\"name\": \"lait d'amande\", \"quantity\": \"300ml\", \"category\": \"other\"}, {\"name\": \"baies mélangés\", \"quantity\": \"120g\", \"category\": \"fruits\"}, {\"name\": \"amandes concassées\", \"quantity\": \"20g\", \"category\": \"fats\"}, {\"name\": \"cannelle\", \"quantity\": \"1/2 càc\", \"category\": \"spices\"}]","[{\"step\": 1, \"instruction\": \"Mélanger avoine, chia et cannelle dans un bocal.\", \"duration_minutes\": 2}, {\"step\": 2, \"instruction\": \"Ajouter le lait végétal, remuer et couvrir.\", \"duration_minutes\": 1}, {\"step\": 3, \"instruction\": \"Réfrigérer au moins 6 heures.\", \"duration_minutes\": 0}, {\"step\": 4, \"instruction\": \"Ajouter les fruits et les amandes avant de servir.\", \"duration_minutes\": 2}]","Préparez 2-3 bocaux d'avance pour la semaine. Sucrez légèrement au goût (optionnel).","{\"calories\": 342, \"protein\": 12, \"carbs\": 42, \"fat\": 14, \"fiber\": 10, \"sugar\": 8}"
"Smoothie matcha‑épinards","Smoothie vert riche en magnésium et oméga-3 végétaux, aide contre la fatigue. Sources: USDA FoodData Central (estimations), University of Sydney GI Foundation/International GI tables, Harvard T.H. Chan School of Public Health.","breakfast","7","0","2","beginner","low","{energy_boost,insulin_regulation,inflammation_reduction}","{vegan,gluten_free,high_fiber,dairy_free}","{fatigue,insulin_resistance,inflammation}","{follicular,ovulation}","{fiber,magnesium,antioxidants,omega3}","302","True","{spring}","[{\"name\": \"épinards frais\", \"quantity\": \"2 poignées\", \"category\": \"vegetables\"}, {\"name\": \"avocat\", \"quantity\": \"1/2\", \"category\": \"vegetables\"}, {\"name\": \"banane\", \"quantity\": \"1 petite\", \"category\": \"fruits\"}, {\"name\": \"graines de lin moulues\", \"quantity\": \"2 càs\", \"category\": \"other\"}, {\"name\": \"lait d'avoine\", \"quantity\": \"300ml\", \"category\": \"other\"}, {\"name\": \"citron\", \"quantity\": \"1/2 (jus)\", \"category\": \"fruits\"}]","[{\"step\": 1, \"instruction\": \"Mettre tous les ingrédients dans un blender.\", \"duration_minutes\": 1}, {\"step\": 2, \"instruction\": \"Mixer jusqu'à texture lisse.\", \"duration_minutes\": 2}, {\"step\": 3, \"instruction\": \"Servir immédiatement.\", \"duration_minutes\": 1}]","Ajoutez des glaçons pour une texture plus épaisse; utilisez des fruits surgelés.","{\"calories\": 302, \"protein\": 8, \"carbs\": 36, \"fat\": 14, \"fiber\": 10, \"sugar\": 18}"
"Omelette champignons & herbes","Omelette moelleuse riche en protéines de qualité et micronutriments. Sources: USDA FoodData Central (estimations), University of Sydney GI Foundation/International GI tables, Harvard T.H. Chan School of Public Health.","breakfast","5","7","2","beginner","low","{hormone_balance,energy_boost}","{vegetarian,gluten_free,high_protein}","{fatigue,period_pain,cravings}","{menstrual,luteal}","{protein,iron,vitamin_b12,calcium}","276","True","{all_seasons}","[{\"name\": \"œufs\", \"quantity\": \"4\", \"category\": \"proteins\"}, {\"name\": \"champignons\", \"quantity\": \"120g\", \"category\": \"vegetables\"}, {\"name\": \"fromage feta\", \"quantity\": \"50g\", \"category\": \"dairy\"}, {\"name\": \"oignon\", \"quantity\": \"1/2 (émincé)\", \"category\": \"vegetables\"}, {\"name\": \"huile d'olive\", \"quantity\": \"1 càs\", \"category\": \"fats\"}]","[{\"step\": 1, \"instruction\": \"Battre les œufs dans un bol.\", \"duration_minutes\": 1}, {\"step\": 2, \"instruction\": \"Faire revenir l'oignon 2 minutes dans l'huile.\", \"duration_minutes\": 2}, {\"step\": 3, \"instruction\": \"Ajouter champignons et cuire 2 minutes.\", \"duration_minutes\": 2}, {\"step\": 4, \"instruction\": \"Verser les œufs, cuire doucement puis ajouter la feta et plier.\", \"duration_minutes\": 3}]","Servez avec une tranche de pain intégral ou une salade verte pour plus de fibres.","{\"calories\": 276, \"protein\": 20, \"carbs\": 4, \"fat\": 20, \"fiber\": 2, \"sugar\": 2}"
"Pancakes sarrasin banane‑noix","Pancakes au sarrasin (sans gluten) et fruits, IG bas. Sources: USDA FoodData Central (estimations), University of Sydney GI Foundation/International GI tables, Harvard T.H. Chan School of Public Health.","breakfast","10","10","2","medium","low","{insulin_regulation,weight_management,inflammation_reduction}","{vegetarian,gluten_free,high_fiber}","{cravings,inflammation,insulin_resistance}","{luteal}","{fiber,magnesium,antioxidants,protein}","312","True","{summer}","[{\"name\": \"farine de sarrasin\", \"quantity\": \"110g\", \"category\": \"grains\"}, {\"name\": \"œuf\", \"quantity\": \"1\", \"category\": \"proteins\"}, {\"name\": \"lait d'amande\", \"quantity\": \"220ml\", \"category\": \"other\"}, {\"name\": \"levure chimique\", \"quantity\": \"1 càc\", \"category\": \"other\"}, {\"name\": \"banane\", \"quantity\": \"120g\", \"category\": \"fruits\"}, {\"name\": \"huile de coco\", \"quantity\": \"1 càs\", \"category\": \"fats\"}]","[{\"step\": 1, \"instruction\": \"Mélanger farine et levure.\", \"duration_minutes\": 1}, {\"step\": 2, \"instruction\": \"Ajouter œuf et lait, fouetter.\", \"duration_minutes\": 3}, {\"step\": 3, \"instruction\": \"Cuire des petites crêpes dans l'huile de coco, ajouter des fruits sur la pâte.\", \"duration_minutes\": 6}]","Remplacez l'œuf par 1 càs de graines de lin + 3 càs d'eau (repos 5 min) pour une version vegan.","{\"calories\": 312, \"protein\": 9, \"carbs\": 42, \"fat\": 12, \"fiber\": 7, \"sugar\": 8}"
"Pudding de chia cacao‑banane","Pudding onctueux riche en oméga-3 et fibres, IG bas. Sources: USDA FoodData Central (estimations), University of Sydney GI Foundation/International GI tables, Harvard T.H. Chan School of Public Health.","breakfast","5","0","2","easy","low","{inflammation_reduction,insulin_regulation,hormone_balance}","{vegan,gluten_free,high_fiber,dairy_free}","{inflammation,cravings,insulin_resistance}","{ovulation,follicular}","{omega3,fiber,magnesium,calcium}","306","True","{summer}","[{\"name\": \"graines de chia\", \"quantity\": \"60g\", \"category\": \"other\"}, {\"name\": \"lait de coco léger\", \"quantity\": \"350ml\", \"category\": \"other\"}, {\"name\": \"banane\", \"quantity\": \"120g\", \"category\": \"fruits\"}, {\"name\": \"noix de coco râpée\", \"quantity\": \"1 càs\", \"category\": \"fats\"}, {\"name\": \"extrait de vanille\", \"quantity\": \"1/2 càc\", \"category\": \"other\"}]","[{\"step\": 1, \"instruction\": \"Mélanger graines de chia, lait de coco et vanille.\", \"duration_minutes\": 2}, {\"step\": 2, \"instruction\": \"Réfrigérer au moins 4 heures en remuant une fois.\", \"duration_minutes\": 0}, {\"step\": 3, \"instruction\": \"Servir garni de fruits et noix de coco.\", \"duration_minutes\": 2}]","Sucrez légèrement si besoin avec un filet de sirop d'érable; préparer la veille pour gagner du temps.","{\"calories\": 306, \"protein\": 8, \"carbs\": 28, \"fat\": 18, \"fiber\": 11, \"sugar\": 10}"
"Overnight oats poire‑noix","Porridge sans cuisson riche en fibres et antioxydants, stabilise la glycémie. Sources: USDA FoodData Central (estimations), University of Sydney GI Foundation/International GI tables, Harvard T.H. Chan School of Public Health.","breakfast","8","0","2","easy","low","{insulin_regulation,hormone_balance,weight_management}","{vegetarian,high_fiber,gluten_free,dairy_free}","{insulin_resistance,cravings,inflammation}","{follicular,ovulation}","{fiber,magnesium,antioxidants,protein}","342","True","{summer}","[{\"name\": \"flocons d'avoine petits\", \"quantity\": \"80g\", \"category\": \"grains\"}, {\"name\": \"graines de chia\", \"quantity\": \"25g\", \"category\": \"other\"}, {\"name\": \"lait d'amande\", \"quantity\": \"300ml\", \"category\": \"other\"}, {\"name\": \"baies mélangés\", \"quantity\": \"120g\", \"category\": \"fruits\"}, {\"name\": \"amandes concassées\", \"quantity\": \"20g\", \"category\": \"fats\"}, {\"name\": \"cannelle\", \"quantity\": \"1/2 càc\", \"category\": \"spices\"}]","[{\"step\": 1, \"instruction\": \"Mélanger avoine, chia et cannelle dans un bocal.\", \"duration_minutes\": 2}, {\"step\": 2, \"instruction\": \"Ajouter le lait végétal, remuer et couvrir.\", \"duration_minutes\": 1}, {\"step\": 3, \"instruction\": \"Réfrigérer au moins 6 heures.\", \"duration_minutes\": 0}, {\"step\": 4, \"instruction\": \"Ajouter les fruits et les amandes avant de servir.\", \"duration_minutes\": 2}]","Préparez 2-3 bocaux d'avance pour la semaine. Sucrez légèrement au goût (optionnel).","{\"calories\": 342, \"protein\": 12, \"carbs\": 42, \"fat\": 14, \"fiber\": 10, \"sugar\": 8}"
"Smoothie kefir‑kiwi (low lactose)","Smoothie vert riche en magnésium et oméga-3 végétaux, aide contre la fatigue. Sources: USDA FoodData Central (estimations), University of Sydney GI Foundation/International GI tables, Harvard T.H. Chan School of Public Health.","breakfast","7","0","2","beginner","low","{energy_boost,insulin_regulation,inflammation_reduction}","{vegan,gluten_free,high_fiber,dairy_free}","{fatigue,insulin_resistance,inflammation}","{follicular,ovulation}","{fiber,magnesium,antioxidants,omega3}","302","True","{spring}","[{\"name\": \"épinards frais\", \"quantity\": \"2 poignées\", \"category\": \"vegetables\"}, {\"name\": \"avocat\", \"quantity\": \"1/2\", \"category\": \"vegetables\"}, {\"name\": \"banane\", \"quantity\": \"1 petite\", \"category\": \"fruits\"}, {\"name\": \"graines de lin moulues\", \"quantity\": \"2 càs\", \"category\": \"other\"}, {\"name\": \"lait d'avoine\", \"quantity\": \"300ml\", \"category\": \"other\"}, {\"name\": \"citron\", \"quantity\": \"1/2 (jus)\", \"category\": \"fruits\"}]","[{\"step\": 1, \"instruction\": \"Mettre tous les ingrédients dans un blender.\", \"duration_minutes\": 1}, {\"step\": 2, \"instruction\": \"Mixer jusqu'à texture lisse.\", \"duration_minutes\": 2}, {\"step\": 3, \"instruction\": \"Servir immédiatement.\", \"duration_minutes\": 1}]","Ajoutez des glaçons pour une texture plus épaisse; utilisez des fruits surgelés.","{\"calories\": 302, \"protein\": 8, \"carbs\": 36, \"fat\": 14, \"fiber\": 10, \"sugar\": 18}"
"Frittata poivrons & oignon","Omelette moelleuse riche en protéines de qualité et micronutriments. Sources: USDA FoodData Central (estimations), University of Sydney GI Foundation/International GI tables, Harvard T.H. Chan School of Public Health.","breakfast","5","7","2","beginner","low","{hormone_balance,energy_boost}","{vegetarian,gluten_free,high_protein}","{fatigue,period_pain,cravings}","{menstrual,luteal}","{protein,iron,vitamin_b12,calcium}","276","True","{all_seasons}","[{\"name\": \"œufs\", \"quantity\": \"4\", \"category\": \"proteins\"}, {\"name\": \"poivrons\", \"quantity\": \"120g\", \"category\": \"vegetables\"}, {\"name\": \"fromage feta\", \"quantity\": \"50g\", \"category\": \"dairy\"}, {\"name\": \"oignon\", \"quantity\": \"1/2 (émincé)\", \"category\": \"vegetables\"}, {\"name\": \"huile d'olive\", \"quantity\": \"1 càs\", \"category\": \"fats\"}]","[{\"step\": 1, \"instruction\": \"Battre les œufs dans un bol.\", \"duration_minutes\": 1}, {\"step\": 2, \"instruction\": \"Faire revenir l'oignon 2 minutes dans l'huile.\", \"duration_minutes\": 2}, {\"step\": 3, \"instruction\": \"Ajouter poivrons et cuire 2 minutes.\", \"duration_minutes\": 2}, {\"step\": 4, \"instruction\": \"Verser les œufs, cuire doucement puis ajouter la feta et plier.\", \"duration_minutes\": 3}]","Servez avec une tranche de pain intégral ou une salade verte pour plus de fibres.","{\"calories\": 276, \"protein\": 20, \"carbs\": 4, \"fat\": 20, \"fiber\": 2, \"sugar\": 2}"
"Crêpes de pois chiche aux épinards","Pancakes au sarrasin (sans gluten) et fruits, IG bas. Sources: USDA FoodData Central (estimations), University of Sydney GI Foundation/International GI tables, Harvard T.H. Chan School of Public Health.","breakfast","10","10","2","medium","low","{insulin_regulation,weight_management,inflammation_reduction}","{vegetarian,gluten_free,high_fiber}","{cravings,inflammation,insulin_resistance}","{luteal}","{fiber,magnesium,antioxidants,protein}","312","True","{summer}","[{\"name\": \"farine de sarrasin\", \"quantity\": \"110g\", \"category\": \"grains\"}, {\"name\": \"œuf\", \"quantity\": \"1\", \"category\": \"proteins\"}, {\"name\": \"lait d'amande\", \"quantity\": \"220ml\", \"category\": \"other\"}, {\"name\": \"levure chimique\", \"quantity\": \"1 càc\", \"category\": \"other\"}, {\"name\": \"fruits rouges\", \"quantity\": \"120g\", \"category\": \"fruits\"}, {\"name\": \"huile de coco\", \"quantity\": \"1 càs\", \"category\": \"fats\"}]","[{\"step\": 1, \"instruction\": \"Mélanger farine et levure.\", \"duration_minutes\": 1}, {\"step\": 2, \"instruction\": \"Ajouter œuf et lait, fouetter.\", \"duration_minutes\": 3}, {\"step\": 3, \"instruction\": \"Cuire des petites crêpes dans l'huile de coco, ajouter des fruits sur la pâte.\", \"duration_minutes\": 6}]","Remplacez l'œuf par 1 càs de graines de lin + 3 càs d'eau (repos 5 min) pour une version vegan.","{\"calories\": 312, \"protein\": 9, \"carbs\": 42, \"fat\": 12, \"fiber\": 7, \"sugar\": 8}"
"Buddha bowl quinoa & pois chiches","Bowl complet riche en fibres et protéines végétales, IG bas. Sources: USDA FoodData Central (estimations), University of Sydney GI Foundation/International GI tables, Harvard T.H. Chan School of Public Health.","lunch","15","15","2","easy","low","{insulin_regulation,inflammation_reduction,hormone_balance}","{vegan,gluten_free,high_fiber,high_protein}","{insulin_resistance,inflammation,fatigue}","{follicular,ovulation}","{protein,fiber,omega3,antioxidants}","442","True","{spring}","[{\"name\": \"quinoa\", \"quantity\": \"150g (cru)\", \"category\": \"grains\"}, {\"name\": \"pois chiches\", \"quantity\": \"200g (cuits)\", \"category\": \"proteins\"}, {\"name\": \"brocoli\", \"quantity\": \"150g (fleurettes)\", \"category\": \"vegetables\"}, {\"name\": \"avocat\", \"quantity\": \"1\", \"category\": \"vegetables\"}, {\"name\": \"épinards\", \"quantity\": \"80g\", \"category\": \"vegetables\"}, {\"name\": \"graines de chia\", \"quantity\": \"1 càs\", \"category\": \"other\"}, {\"name\": \"citron\", \"quantity\": \"1 (jus)\", \"category\": \"fruits\"}, {\"name\": \"huile d'olive\", \"quantity\": \"1 càs\", \"category\": \"fats\"}, {\"name\": \"curcuma\", \"quantity\": \"1/2 càc\", \"category\": \"spices\"}]","[{\"step\": 1, \"instruction\": \"Cuire le quinoa dans 2x son volume d'eau ~15 min.\", \"duration_minutes\": 15}, {\"step\": 2, \"instruction\": \"Cuire le brocoli vapeur 5 min.\", \"duration_minutes\": 5}, {\"step\": 3, \"instruction\": \"Assembler le bol avec feuilles, céréales, protéines et légumes.\", \"duration_minutes\": 3}, {\"step\": 4, \"instruction\": \"Assaisonner avec huile d'olive + citron et curcuma.\", \"duration_minutes\": 2}]","Ajoutez du gingembre râpé dans l'assaisonnement pour amplifier l'effet anti-inflammatoire.","{\"calories\": 442, \"protein\": 20, \"carbs\": 50, \"fat\": 18, \"fiber\": 14, \"sugar\": 5}"
"Saumon rôti, patate douce & asperges","Saumon rôti riche en oméga‑3 avec légumes, favorable à l'IG et à l'inflammation. Sources: USDA FoodData Central (estimations), University of Sydney GI Foundation/International GI tables, Harvard T.H. Chan School of Public Health.","lunch","10","20","2","easy","low","{inflammation_reduction,insulin_regulation,hormone_balance}","{gluten_free,dairy_free,high_protein,mediterranean}","{inflammation,period_pain,insulin_resistance}","{menstrual,luteal}","{omega3,protein,vitamin_d,antioxidants}","420","True","{spring}","[{\"name\": \"filets de saumon\", \"quantity\": \"2 (300g)\", \"category\": \"proteins\"}, {\"name\": \"patate douce\", \"quantity\": \"2 moyennes, en cubes\", \"category\": \"vegetables\"}, {\"name\": \"asperges\", \"quantity\": \"300g\", \"category\": \"vegetables\"}, {\"name\": \"huile d'olive\", \"quantity\": \"2 càs\", \"category\": \"fats\"}, {\"name\": \"ail\", \"quantity\": \"2 gousses hachées\", \"category\": \"spices\"}, {\"name\": \"thym\", \"quantity\": \"1 càc\", \"category\": \"spices\"}, {\"name\": \"citron\", \"quantity\": \"1, en quartiers\", \"category\": \"fruits\"}]","[{\"step\": 1, \"instruction\": \"Préchauffer four 200°C. Assaisonner et lancer la cuisson des légumes 10 min.\", \"duration_minutes\": 10}, {\"step\": 2, \"instruction\": \"Ajouter le saumon et poursuivre ~10 min.\", \"duration_minutes\": 10}, {\"step\": 3, \"instruction\": \"Servir avec quartiers de citron.\", \"duration_minutes\": 1}]","Ne surcuisez pas le saumon pour qu'il reste moelleux.","{\"calories\": 420, \"protein\": 32, \"carbs\": 28, \"fat\": 20, \"fiber\": 8, \"sugar\": 6}"
"Soupe de lentilles corail au curcuma","Soupe de lentilles corail au curcuma et gingembre, réconfort IG bas. Sources: USDA FoodData Central (estimations), University of Sydney GI Foundation/International GI tables, Harvard T.H. Chan School of Public Health.","lunch","12","25","4","easy","low","{inflammation_reduction,hormone_balance,weight_management}","{vegan,gluten_free,high_fiber}","{bloating,period_pain,fatigue}","{menstrual,luteal}","{fiber,iron,folate,magnesium}","312","True","{winter}","[{\"name\": \"lentilles corail\", \"quantity\": \"250g\", \"category\": \"proteins\"}, {\"name\": \"carottes\", \"quantity\": \"2, en dés\", \"category\": \"vegetables\"}, {\"name\": \"oignon\", \"quantity\": \"1, émincé\", \"category\": \"vegetables\"}, {\"name\": \"tomates concassées\", \"quantity\": \"400g\", \"category\": \"vegetables\"}, {\"name\": \"bouillon de légumes\", \"quantity\": \"1L\", \"category\": \"other\"}, {\"name\": \"curcuma\", \"quantity\": \"1 càc\", \"category\": \"spices\"}, {\"name\": \"gingembre frais\", \"quantity\": \"1 càs râpé\", \"category\": \"spices\"}, {\"name\": \"huile d'olive\", \"quantity\": \"1 càs\", \"category\": \"fats\"}]","[{\"step\": 1, \"instruction\": \"Suer oignon et carotte 5 min dans l'huile.\", \"duration_minutes\": 5}, {\"step\": 2, \"instruction\": \"Ajouter épices, lentilles, tomates et bouillon.\", \"duration_minutes\": 2}, {\"step\": 3, \"instruction\": \"Mijoter ~20 min jusqu'à tendreté.\", \"duration_minutes\": 20}, {\"step\": 4, \"instruction\": \"Mixer partiellement selon texture souhaitée.\", \"duration_minutes\": 2}]","Se conserve 3 jours au frais; se congèle bien. Ajoutez un trait de citron au service.","{\"calories\": 312, \"protein\": 16, \"carbs\": 44, \"fat\": 8, \"fiber\": 11, \"sugar\": 7}"
"Bol quinoa au poulet grillé & légumes","Bol quinoa‑poulet et légumes, rassasiant et équilibré. Sources: USDA FoodData Central (estimations), University of Sydney GI Foundation/International GI tables, Harvard T.H. Chan School of Public Health.","lunch","15","15","2","easy","low","{hormone_balance,energy_boost,insulin_regulation}","{gluten_free,high_protein,dairy_free}","{fatigue,cravings,insulin_resistance}","{follicular,ovulation}","{protein,iron,vitamin_b12,magnesium}","416","True","{all_seasons}","[{\"name\": \"quinoa\", \"quantity\": \"150g\", \"category\": \"grains\"}, {\"name\": \"blanc de poulet\", \"quantity\": \"220g\", \"category\": \"proteins\"}, {\"name\": \"courgette\", \"quantity\": \"1, en demi‑rondelles\", \"category\": \"vegetables\"}, {\"name\": \"carotte\", \"quantity\": \"1, en bâtonnets\", \"category\": \"vegetables\"}, {\"name\": \"poivron jaune\", \"quantity\": \"1/2, en lanières\", \"category\": \"vegetables\"}, {\"name\": \"huile d'olive\", \"quantity\": \"1 càs\", \"category\": \"fats\"}, {\"name\": \"paprika\", \"quantity\": \"1 càc\", \"category\": \"spices\"}, {\"name\": \"ail\", \"quantity\": \"1 gousse écrasée\", \"category\": \"spices\"}]","[{\"step\": 1, \"instruction\": \"Cuire le quinoa ~15 min et égoutter.\", \"duration_minutes\": 15}, {\"step\": 2, \"instruction\": \"Assaisonner le poulet (paprika, ail) et griller 5‑6 min/face; trancher.\", \"duration_minutes\": 12}, {\"step\": 3, \"instruction\": \"Sauter rapidement les légumes 5 min.\", \"duration_minutes\": 5}, {\"step\": 4, \"instruction\": \"Assembler dans des bols et assaisonner.\", \"duration_minutes\": 2}]","Variez les épices (curry, herbes). Délicieux chaud ou tiède.","{\"calories\": 416, \"protein\": 32, \"carbs\": 45, \"fat\": 12, \"fiber\": 8, \"sugar\": 6}"
"Nouilles de courgette au pesto & tofu","Nouilles de courgette au pesto et tofu grillé, pauvre en glucides. Sources: USDA FoodData Central (estimations), University of Sydney GI Foundation/International GI tables, Harvard T.H. Chan School of Public Health.","lunch","15","8","2","medium","low","{weight_management,insulin_regulation,inflammation_reduction}","{vegan,gluten_free,low_carb,dairy_free}","{bloating,cravings,insulin_resistance}","{ovulation,luteal}","{protein,magnesium,antioxidants,calcium}","368","True","{summer}","[{\"name\": \"courgettes (spiralées)\", \"quantity\": \"3\", \"category\": \"vegetables\"}, {\"name\": \"tofu ferme\", \"quantity\": \"200g\", \"category\": \"proteins\"}, {\"name\": \"basilic frais\", \"quantity\": \"1 bouquet\", \"category\": \"vegetables\"}, {\"name\": \"pignons de pin\", \"quantity\": \"2 càs\", \"category\": \"fats\"}, {\"name\": \"ail\", \"quantity\": \"1 gousse\", \"category\": \"spices\"}, {\"name\": \"huile d'olive\", \"quantity\": \"2 càs\", \"category\": \"fats\"}, {\"name\": \"levure nutritionnelle\", \"quantity\": \"1 càs\", \"category\": \"other\"}, {\"name\": \"citron\", \"quantity\": \"1/2 (jus)\", \"category\": \"fruits\"}]","[{\"step\": 1, \"instruction\": \"Mixer pesto (basilic, pignons, ail, levure, citron, huile).\", \"duration_minutes\": 5}, {\"step\": 2, \"instruction\": \"Griller le tofu en dés jusqu'à doré (~6 min).\", \"duration_minutes\": 6}, {\"step\": 3, \"instruction\": \"Sauter brièvement les nouilles de courgette 2‑3 min.\", \"duration_minutes\": 3}, {\"step\": 4, \"instruction\": \"Mélanger nouilles et pesto; ajouter tofu.\", \"duration_minutes\": 2}]","Ne pas surcuire les nouilles pour éviter l'excès d'eau; ajoutez tomates cerises.","{\"calories\": 368, \"protein\": 22, \"carbs\": 16, \"fat\": 24, \"fiber\": 6, \"sugar\": 5}"
"Wrap houmous & légumes grillés","Wrap houmous & légumes grillés, riche en fibres, pratique à emporter. Sources: USDA FoodData Central (estimations), University of Sydney GI Foundation/International GI tables, Harvard T.H. Chan School of Public Health.","lunch","10","0","2","easy","low","{weight_management,insulin_regulation,energy_boost}","{vegan,high_fiber,gluten_free}","{cravings,fatigue,inflammation}","{all_seasons}","{fiber,protein,magnesium,zinc}","358","True","{all_seasons}","[{\"name\": \"wraps sans gluten\", \"quantity\": \"2\", \"category\": \"grains\"}, {\"name\": \"houmous\", \"quantity\": \"120g\", \"category\": \"proteins\"}, {\"name\": \"aubergine grillée\", \"quantity\": \"1 petite\", \"category\": \"vegetables\"}, {\"name\": \"courgette grillée\", \"quantity\": \"1\", \"category\": \"vegetables\"}, {\"name\": \"poivron rouge\", \"quantity\": \"1/2\", \"category\": \"vegetables\"}, {\"name\": \"roquette\", \"quantity\": \"1 poignée\", \"category\": \"vegetables\"}, {\"name\": \"huile d'olive\", \"quantity\": \"1 càs\", \"category\": \"fats\"}, {\"name\": \"paprika\", \"quantity\": \"1/2 càc\", \"category\": \"spices\"}]","[{\"step\": 1, \"instruction\": \"Griller ou réchauffer les légumes (au four ou poêle).\", \"duration_minutes\": 10}, {\"step\": 2, \"instruction\": \"Tartiner le houmous sur les wraps.\", \"duration_minutes\": 1}, {\"step\": 3, \"instruction\": \"Garnir avec les légumes et la roquette; rouler serré.\", \"duration_minutes\": 2}]","Ajoutez falafels émiettés ou tofu pour plus de protéines.","{\"calories\": 358, \"protein\": 14, \"carbs\": 44, \"fat\": 14, \"fiber\": 9, \"sugar\": 7}"
"Salade Niçoise au quinoa","Salade Niçoise au quinoa, protéinée et riche en oméga‑3. Sources: USDA FoodData Central (estimations), University of Sydney GI Foundation/International GI tables, Harvard T.H. Chan School of Public Health.","lunch","15","12","2","easy","low","{hormone_balance,insulin_regulation,stress_reduction}","{gluten_free,high_protein,mediterranean,dairy_free}","{mood_swings,anxiety,cravings}","{follicular,ovulation}","{omega3,protein,vitamin_b12,iron}","390","True","{summer}","[{\"name\": \"quinoa\", \"quantity\": \"120g\", \"category\": \"grains\"}, {\"name\": \"thon au naturel (égoutté)\", \"quantity\": \"160g\", \"category\": \"proteins\"}, {\"name\": \"œufs\", \"quantity\": \"2\", \"category\": \"proteins\"}, {\"name\": \"haricots verts\", \"quantity\": \"120g\", \"category\": \"vegetables\"}, {\"name\": \"tomates cerises\", \"quantity\": \"150g\", \"category\": \"fruits\"}, {\"name\": \"olives noires\", \"quantity\": \"25g\", \"category\": \"other\"}, {\"name\": \"huile d'olive\", \"quantity\": \"1 càs\", \"category\": \"fats\"}, {\"name\": \"vinaigre de vin\", \"quantity\": \"1 càs\", \"category\": \"other\"}]","[{\"step\": 1, \"instruction\": \"Cuire quinoa 12 min; égoutter et refroidir.\", \"duration_minutes\": 12}, {\"step\": 2, \"instruction\": \"Cuire œufs durs 9 min; refroidir et écaler.\", \"duration_minutes\": 9}, {\"step\": 3, \"instruction\": \"Blanchir haricots verts 5 min; refroidir.\", \"duration_minutes\": 5}, {\"step\": 4, \"instruction\": \"Assembler avec thon, tomates, olives; assaisonner.\", \"duration_minutes\": 3}]","Choisissez un thon riche en oméga‑3; possible avec sardines.","{\"calories\": 390, \"protein\": 32, \"carbs\": 34, \"fat\": 14, \"fiber\": 7, \"sugar\": 6}"
"Bowl sarrasin, pois chiches & brocoli","Bowl complet riche en fibres et protéines végétales, IG bas. Sources: USDA FoodData Central (estimations), University of Sydney GI Foundation/International GI tables, Harvard T.H. Chan School of Public Health.","lunch","15","15","2","easy","low","{insulin_regulation,inflammation_reduction,hormone_balance}","{vegan,gluten_free,high_fiber,high_protein}","{insulin_resistance,inflammation,fatigue}","{follicular,ovulation}","{protein,fiber,omega3,antioxidants}","442","True","{spring}","[{\"name\": \"sarrasin\", \"quantity\": \"150g (cru)\", \"category\": \"grains\"}, {\"name\": \"pois chiches\", \"quantity\": \"200g (cuits)\", \"category\": \"proteins\"}, {\"name\": \"brocoli\", \"quantity\": \"150g (fleurettes)\", \"category\": \"vegetables\"}, {\"name\": \"avocat\", \"quantity\": \"1\", \"category\": \"vegetables\"}, {\"name\": \"épinards\", \"quantity\": \"80g\", \"category\": \"vegetables\"}, {\"name\": \"graines de chia\", \"quantity\": \"1 càs\", \"category\": \"other\"}, {\"name\": \"citron\", \"quantity\": \"1 (jus)\", \"category\": \"fruits\"}, {\"name\": \"huile d'olive\", \"quantity\": \"1 càs\", \"category\": \"fats\"}, {\"name\": \"curcuma\", \"quantity\": \"1/2 càc\", \"category\": \"spices\"}]","[{\"step\": 1, \"instruction\": \"Cuire le sarrasin dans 2x son volume d'eau ~15 min.\", \"duration_minutes\": 15}, {\"step\": 2, \"instruction\": \"Cuire le brocoli vapeur 5 min.\", \"duration_minutes\": 5}, {\"step\": 3, \"instruction\": \"Assembler le bol avec feuilles, céréales, protéines et légumes.\", \"duration_minutes\": 3}, {\"step\": 4, \"instruction\": \"Assaisonner avec huile d'olive + citron et curcuma.\", \"duration_minutes\": 2}]","Ajoutez du gingembre râpé dans l'assaisonnement pour amplifier l'effet anti-inflammatoire.","{\"calories\": 442, \"protein\": 20, \"carbs\": 50, \"fat\": 18, \"fiber\": 14, \"sugar\": 5}"
"Velouté de pois cassés menthe‑citron","Velouté onctueux de pois cassés parfumé à la menthe et citron. Sources: USDA FoodData Central (estimations), University of Sydney GI Foundation/International GI tables, Harvard T.H. Chan School of Public Health.","lunch","12","25","4","easy","low","{inflammation_reduction,hormone_balance,weight_management}","{vegan,gluten_free,high_fiber}","{bloating,period_pain,fatigue}","{menstrual,luteal}","{fiber,iron,folate,magnesium}","312","True","{winter}","[{\"name\": \"pois cassés\", \"quantity\": \"250g\", \"category\": \"proteins\"}, {\"name\": \"carottes\", \"quantity\": \"2, en dés\", \"category\": \"vegetables\"}, {\"name\": \"oignon\", \"quantity\": \"1, émincé\", \"category\": \"vegetables\"}, {\"name\": \"tomates concassées\", \"quantity\": \"400g\", \"category\": \"vegetables\"}, {\"name\": \"bouillon de légumes\", \"quantity\": \"1L\", \"category\": \"other\"}, {\"name\": \"curcuma\", \"quantity\": \"1 càc\", \"category\": \"spices\"}, {\"name\": \"gingembre frais\", \"quantity\": \"1 càs râpé\", \"category\": \"spices\"}, {\"name\": \"huile d'olive\", \"quantity\": \"1 càs\", \"category\": \"fats\"}, {\"name\": \"menthe fraîche\", \"quantity\": \"1/2 bouquet\", \"category\": \"vegetables\"}]","[{\"step\": 1, \"instruction\": \"Suer oignon et carotte 5 min dans l'huile.\", \"duration_minutes\": 5}, {\"step\": 2, \"instruction\": \"Ajouter épices, lentilles, tomates et bouillon.\", \"duration_minutes\": 2}, {\"step\": 3, \"instruction\": \"Mijoter ~20 min jusqu'à tendreté.\", \"duration_minutes\": 20}, {\"step\": 4, \"instruction\": \"Mixer partiellement selon texture souhaitée.\", \"duration_minutes\": 2}]","Ajoutez des croûtons de pain complet (optionnel) ou un filet d'huile d'olive.","{\"calories\": 312, \"protein\": 16, \"carbs\": 44, \"fat\": 8, \"fiber\": 11, \"sugar\": 7}"
"Wrap houmous betterave & roquette","Wrap houmous & légumes grillés, riche en fibres, pratique à emporter. Sources: USDA FoodData Central (estimations), University of Sydney GI Foundation/International GI tables, Harvard T.H. Chan School of Public Health.","lunch","10","0","2","easy","low","{weight_management,insulin_regulation,energy_boost}","{vegan,high_fiber,gluten_free}","{cravings,fatigue,inflammation}","{all_seasons}","{fiber,protein,magnesium,zinc}","358","True","{all_seasons}","[{\"name\": \"wraps sans gluten\", \"quantity\": \"2\", \"category\": \"grains\"}, {\"name\": \"houmous\", \"quantity\": \"120g\", \"category\": \"proteins\"}, {\"name\": \"aubergine grillée\", \"quantity\": \"1 petite\", \"category\": \"vegetables\"}, {\"name\": \"courgette grillée\", \"quantity\": \"1\", \"category\": \"vegetables\"}, {\"name\": \"poivron rouge\", \"quantity\": \"1/2\", \"category\": \"vegetables\"}, {\"name\": \"roquette\", \"quantity\": \"1 poignée\", \"category\": \"vegetables\"}, {\"name\": \"huile d'olive\", \"quantity\": \"1 càs\", \"category\": \"fats\"}, {\"name\": \"paprika\", \"quantity\": \"1/2 càc\", \"category\": \"spices\"}]","[{\"step\": 1, \"instruction\": \"Griller ou réchauffer les légumes (au four ou poêle).\", \"duration_minutes\": 10}, {\"step\": 2, \"instruction\": \"Tartiner le houmous sur les wraps.\", \"duration_minutes\": 1}, {\"step\": 3, \"instruction\": \"Garnir avec les légumes et la roquette; rouler serré.\", \"duration_minutes\": 2}]","Ajoutez falafels émiettés ou tofu pour plus de protéines.","{\"calories\": 358, \"protein\": 14, \"carbs\": 44, \"fat\": 14, \"fiber\": 9, \"sugar\": 7}"
"Salade tiède quinoa‑dinde & légumes","Bol quinoa‑poulet et légumes, rassasiant et équilibré. Sources: USDA FoodData Central (estimations), University of Sydney GI Foundation/International GI tables, Harvard T.H. Chan School of Public Health.","lunch","15","15","2","easy","low","{hormone_balance,energy_boost,insulin_regulation}","{gluten_free,high_protein,dairy_free}","{fatigue,cravings,insulin_resistance}","{follicular,ovulation}","{protein,iron,vitamin_b12,magnesium}","416","True","{all_seasons}","[{\"name\": \"quinoa\", \"quantity\": \"150g\", \"category\": \"grains\"}, {\"name\": \"blanc de dinde\", \"quantity\": \"220g\", \"category\": \"proteins\"}, {\"name\": \"courgette\", \"quantity\": \"1, en demi‑rondelles\", \"category\": \"vegetables\"}, {\"name\": \"carotte\", \"quantity\": \"1, en bâtonnets\", \"category\": \"vegetables\"}, {\"name\": \"poivron jaune\", \"quantity\": \"1/2, en lanières\", \"category\": \"vegetables\"}, {\"name\": \"huile d'olive\", \"quantity\": \"1 càs\", \"category\": \"fats\"}, {\"name\": \"paprika\", \"quantity\": \"1 càc\", \"category\": \"spices\"}, {\"name\": \"ail\", \"quantity\": \"1 gousse écrasée\", \"category\": \"spices\"}]","[{\"step\": 1, \"instruction\": \"Cuire le quinoa ~15 min et égoutter.\", \"duration_minutes\": 15}, {\"step\": 2, \"instruction\": \"Assaisonner le poulet (paprika, ail) et griller 5‑6 min/face; trancher.\", \"duration_minutes\": 12}, {\"step\": 3, \"instruction\": \"Sauter rapidement les légumes 5 min.\", \"duration_minutes\": 5}, {\"step\": 4, \"instruction\": \"Assembler dans des bols et assaisonner.\", \"duration_minutes\": 2}]","Variez les épices (curry, herbes). Délicieux chaud ou tiède.","{\"calories\": 416, \"protein\": 32, \"carbs\": 45, \"fat\": 12, \"fiber\": 8, \"sugar\": 6}"
"Spaghettis de courgette sauce tomate‑basilic & tofu","Spaghettis de courgette à la sauce tomate‑basilic avec tofu grillé, pauvre en glucides. Sources: USDA FoodData Central (estimations), University of Sydney GI Foundation/International GI tables, Harvard T.H. Chan School of Public Health.","lunch","15","8","2","medium","low","{weight_management,insulin_regulation,inflammation_reduction}","{vegan,gluten_free,low_carb,dairy_free}","{bloating,cravings,insulin_resistance}","{ovulation,luteal}","{protein,magnesium,antioxidants,calcium}","368","True","{summer}","[{\"name\": \"courgettes (spiralées)\", \"quantity\": \"3\", \"category\": \"vegetables\"}, {\"name\": \"tofu ferme\", \"quantity\": \"200g\", \"category\": \"proteins\"}, {\"name\": \"ail\", \"quantity\": \"1 gousse\", \"category\": \"spices\"}, {\"name\": \"huile d'olive\", \"quantity\": \"2 càs\", \"category\": \"fats\"}, {\"name\": \"citron\", \"quantity\": \"1/2 (jus)\", \"category\": \"fruits\"}, {\"name\": \"sauce tomate maison\", \"quantity\": \"300ml\", \"category\": \"vegetables\"}, {\"name\": \"basilic frais\", \"quantity\": \"1 bouquet\", \"category\": \"vegetables\"}]","[{\"step\": 1, \"instruction\": \"Mixer pesto (basilic, pignons, ail, levure, citron, huile).\", \"duration_minutes\": 5}, {\"step\": 2, \"instruction\": \"Griller le tofu en dés jusqu'à doré (~6 min).\", \"duration_minutes\": 6}, {\"step\": 3, \"instruction\": \"Sauter brièvement les nouilles de courgette 2‑3 min.\", \"duration_minutes\": 3}, {\"step\": 4, \"instruction\": \"Mélanger nouilles et pesto; ajouter tofu.\", \"duration_minutes\": 2}]","Ne pas surcuire les nouilles pour éviter l'excès d'eau; ajoutez tomates cerises.","{\"calories\": 368, \"protein\": 22, \"carbs\": 16, \"fat\": 24, \"fiber\": 6, \"sugar\": 5}"
"Sauté de crevettes & brocoli au riz complet","Sauté de crevettes & brocoli sur riz complet, rassasiant. Sources: USDA FoodData Central (estimations), University of Sydney GI Foundation/International GI tables, Harvard T.H. Chan School of Public Health.","dinner","12","10","2","easy","low","{insulin_regulation,weight_management,energy_boost}","{dairy_free,high_protein}","{cravings,fatigue,insulin_resistance}","{ovulation}","{protein,vitamin_b12,zinc,magnesium}","390","False","{all_seasons}","[{\"name\": \"crevettes décortiquées\", \"quantity\": \"300g\", \"category\": \"proteins\"}, {\"name\": \"riz complet cuit\", \"quantity\": \"300g\", \"category\": \"grains\"}, {\"name\": \"brocoli\", \"quantity\": \"200g\", \"category\": \"vegetables\"}, {\"name\": \"carotte\", \"quantity\": \"1\", \"category\": \"vegetables\"}, {\"name\": \"ail\", \"quantity\": \"1 gousse\", \"category\": \"spices\"}, {\"name\": \"gingembre\", \"quantity\": \"1 càc râpé\", \"category\": \"spices\"}, {\"name\": \"sauce soja (réduite en sel)\", \"quantity\": \"2 càs\", \"category\": \"other\"}, {\"name\": \"huile de sésame\", \"quantity\": \"1 càs\", \"category\": \"fats\"}]","[{\"step\": 1, \"instruction\": \"Chauffer l'huile et sauter ail et gingembre 1 min.\", \"duration_minutes\": 1}, {\"step\": 2, \"instruction\": \"Cuire les crevettes 3‑4 min; réserver.\", \"duration_minutes\": 4}, {\"step\": 3, \"instruction\": \"Sauter brocoli et carotte 5 min.\", \"duration_minutes\": 5}, {\"step\": 4, \"instruction\": \"Remettre crevettes, ajouter sauce soja; servir sur riz.\", \"duration_minutes\": 2}]","Ajoutez un filet de citron vert au service.","{\"calories\": 390, \"protein\": 30, \"carbs\": 45, \"fat\": 10, \"fiber\": 6, \"sugar\": 5}"
"Poivrons farcis bœuf & quinoa","Poivrons farcis bœuf‑quinoa, riches en fer. Sources: USDA FoodData Central (estimations), University of Sydney GI Foundation/International GI tables, Harvard T.H. Chan School of Public Health.","dinner","15","25","2","medium","low","{hormone_balance,insulin_regulation,fertility_support}","{gluten_free,high_protein}","{fatigue,period_pain,cravings}","{menstrual}","{iron,protein,vitamin_b12,folate}","367","False","{winter}","[{\"name\": \"bœuf haché maigre\", \"quantity\": \"220g\", \"category\": \"proteins\"}, {\"name\": \"quinoa cuit\", \"quantity\": \"120g\", \"category\": \"grains\"}, {\"name\": \"poivrons\", \"quantity\": \"2 grands\", \"category\": \"vegetables\"}, {\"name\": \"sauce tomate\", \"quantity\": \"200ml\", \"category\": \"vegetables\"}, {\"name\": \"oignon\", \"quantity\": \"1/2\", \"category\": \"vegetables\"}, {\"name\": \"ail\", \"quantity\": \"1 gousse\", \"category\": \"spices\"}, {\"name\": \"origan\", \"quantity\": \"1 càc\", \"category\": \"spices\"}, {\"name\": \"huile d'olive\", \"quantity\": \"1 càs\", \"category\": \"fats\"}]","[{\"step\": 1, \"instruction\": \"Préchauffer four 180°C. Cuire le quinoa 12 min si cru.\", \"duration_minutes\": 12}, {\"step\": 2, \"instruction\": \"Sauter oignon/ail, cuire la viande, ajouter sauce et quinoa.\", \"duration_minutes\": 8}, {\"step\": 3, \"instruction\": \"Farcir les poivrons, cuire 20‑25 min.\", \"duration_minutes\": 25}]","Utilisez viande très maigre; congélation possible.","{\"calories\": 367, \"protein\": 30, \"carbs\": 28, \"fat\": 15, \"fiber\": 6, \"sugar\": 8}"
"Curry de pois chiches & courge au lait de coco","Curry de pois chiches à la courge, épices anti‑inflammatoires. Sources: USDA FoodData Central (estimations), University of Sydney GI Foundation/International GI tables, Harvard T.H. Chan School of Public Health.","dinner","15","25","4","easy","low","{inflammation_reduction,hormone_balance,stress_reduction}","{vegan,gluten_free,high_fiber,dairy_free}","{inflammation,bloating,acne}","{luteal}","{fiber,magnesium,iron,folate}","358","True","{winter}","[{\"name\": \"pois chiches cuits\", \"quantity\": \"400g\", \"category\": \"proteins\"}, {\"name\": \"courge butternut\", \"quantity\": \"300g en dés\", \"category\": \"vegetables\"}, {\"name\": \"épinards\", \"quantity\": \"100g\", \"category\": \"vegetables\"}, {\"name\": \"lait de coco léger\", \"quantity\": \"400ml\", \"category\": \"other\"}, {\"name\": \"tomates concassées\", \"quantity\": \"400g\", \"category\": \"vegetables\"}, {\"name\": \"oignon\", \"quantity\": \"1\", \"category\": \"vegetables\"}, {\"name\": \"ail\", \"quantity\": \"2 gousses\", \"category\": \"spices\"}, {\"name\": \"curcuma\", \"quantity\": \"1 càc\", \"category\": \"spices\"}, {\"name\": \"gingembre\", \"quantity\": \"1 càs râpé\", \"category\": \"spices\"}, {\"name\": \"huile de coco\", \"quantity\": \"1 càs\", \"category\": \"fats\"}]","[{\"step\": 1, \"instruction\": \"Suer oignon, ail, gingembre dans l'huile.\", \"duration_minutes\": 3}, {\"step\": 2, \"instruction\": \"Ajouter curcuma, courge, pois chiches, tomates et lait de coco.\", \"duration_minutes\": 2}, {\"step\": 3, \"instruction\": \"Mijoter ~20 min jusqu'à tendreté.\", \"duration_minutes\": 20}, {\"step\": 4, \"instruction\": \"Ajouter épinards 2 min; assaisonner.\", \"duration_minutes\": 2}]","Servez avec riz complet ou quinoa si besoin.","{\"calories\": 358, \"protein\": 14, \"carbs\": 44, \"fat\": 14, \"fiber\": 10, \"sugar\": 8}"
"Poêlée de saumon & légumes croquants (sur quinoa)","Sauté de crevettes & brocoli sur riz complet, rassasiant. Sources: USDA FoodData Central (estimations), University of Sydney GI Foundation/International GI tables, Harvard T.H. Chan School of Public Health.","dinner","12","10","2","easy","low","{insulin_regulation,weight_management,energy_boost}","{dairy_free,high_protein}","{cravings,fatigue,insulin_resistance}","{ovulation}","{protein,vitamin_b12,zinc,magnesium}","390","False","{all_seasons}","[{\"name\": \"crevettes décortiquées\", \"quantity\": \"300g\", \"category\": \"proteins\"}, {\"name\": \"riz complet cuit\", \"quantity\": \"300g\", \"category\": \"grains\"}, {\"name\": \"brocoli\", \"quantity\": \"200g\", \"category\": \"vegetables\"}, {\"name\": \"carotte\", \"quantity\": \"1\", \"category\": \"vegetables\"}, {\"name\": \"ail\", \"quantity\": \"1 gousse\", \"category\": \"spices\"}, {\"name\": \"gingembre\", \"quantity\": \"1 càc râpé\", \"category\": \"spices\"}, {\"name\": \"sauce soja (réduite en sel)\", \"quantity\": \"2 càs\", \"category\": \"other\"}, {\"name\": \"huile de sésame\", \"quantity\": \"1 càs\", \"category\": \"fats\"}]","[{\"step\": 1, \"instruction\": \"Chauffer l'huile et sauter ail et gingembre 1 min.\", \"duration_minutes\": 1}, {\"step\": 2, \"instruction\": \"Cuire les crevettes 3‑4 min; réserver.\", \"duration_minutes\": 4}, {\"step\": 3, \"instruction\": \"Sauter brocoli et carotte 5 min.\", \"duration_minutes\": 5}, {\"step\": 4, \"instruction\": \"Remettre crevettes, ajouter sauce soja; servir sur riz.\", \"duration_minutes\": 2}]","Ajoutez un filet de citron vert au service.","{\"calories\": 390, \"protein\": 30, \"carbs\": 45, \"fat\": 10, \"fiber\": 6, \"sugar\": 5}"
"Dahl de lentilles corail & épinards","Curry de pois chiches à la courge, épices anti‑inflammatoires. Sources: USDA FoodData Central (estimations), University of Sydney GI Foundation/International GI tables, Harvard T.H. Chan School of Public Health.","dinner","15","25","4","easy","low","{inflammation_reduction,hormone_balance,stress_reduction}","{vegan,gluten_free,high_fiber,dairy_free}","{inflammation,bloating,acne}","{luteal}","{fiber,magnesium,iron,folate}","358","True","{winter}","[{\"name\": \"pois chiches cuits\", \"quantity\": \"400g\", \"category\": \"proteins\"}, {\"name\": \"courge butternut\", \"quantity\": \"300g en dés\", \"category\": \"vegetables\"}, {\"name\": \"épinards\", \"quantity\": \"100g\", \"category\": \"vegetables\"}, {\"name\": \"lait de coco léger\", \"quantity\": \"400ml\", \"category\": \"other\"}, {\"name\": \"tomates concassées\", \"quantity\": \"400g\", \"category\": \"vegetables\"}, {\"name\": \"oignon\", \"quantity\": \"1\", \"category\": \"vegetables\"}, {\"name\": \"ail\", \"quantity\": \"2 gousses\", \"category\": \"spices\"}, {\"name\": \"curcuma\", \"quantity\": \"1 càc\", \"category\": \"spices\"}, {\"name\": \"gingembre\", \"quantity\": \"1 càs râpé\", \"category\": \"spices\"}, {\"name\": \"huile de coco\", \"quantity\": \"1 càs\", \"category\": \"fats\"}]","[{\"step\": 1, \"instruction\": \"Suer oignon, ail, gingembre dans l'huile.\", \"duration_minutes\": 3}, {\"step\": 2, \"instruction\": \"Ajouter curcuma, courge, pois chiches, tomates et lait de coco.\", \"duration_minutes\": 2}, {\"step\": 3, \"instruction\": \"Mijoter ~20 min jusqu'à tendreté.\", \"duration_minutes\": 20}, {\"step\": 4, \"instruction\": \"Ajouter épinards 2 min; assaisonner.\", \"duration_minutes\": 2}]","Servez avec riz complet ou quinoa si besoin.","{\"calories\": 358, \"protein\": 14, \"carbs\": 44, \"fat\": 14, \"fiber\": 10, \"sugar\": 8}"
"Tomates farcies au poulet & riz complet","Poivrons farcis bœuf‑quinoa, riches en fer. Sources: USDA FoodData Central (estimations), University of Sydney GI Foundation/International GI tables, Harvard T.H. Chan School of Public Health.","dinner","15","25","2","medium","low","{hormone_balance,insulin_regulation,fertility_support}","{gluten_free,high_protein}","{fatigue,period_pain,cravings}","{menstrual}","{iron,protein,vitamin_b12,folate}","367","False","{winter}","[{\"name\": \"bœuf haché maigre\", \"quantity\": \"220g\", \"category\": \"proteins\"}, {\"name\": \"quinoa cuit\", \"quantity\": \"120g\", \"category\": \"grains\"}, {\"name\": \"poivrons\", \"quantity\": \"2 grands\", \"category\": \"vegetables\"}, {\"name\": \"sauce tomate\", \"quantity\": \"200ml\", \"category\": \"vegetables\"}, {\"name\": \"oignon\", \"quantity\": \"1/2\", \"category\": \"vegetables\"}, {\"name\": \"ail\", \"quantity\": \"1 gousse\", \"category\": \"spices\"}, {\"name\": \"origan\", \"quantity\": \"1 càc\", \"category\": \"spices\"}, {\"name\": \"huile d'olive\", \"quantity\": \"1 càs\", \"category\": \"fats\"}]","[{\"step\": 1, \"instruction\": \"Préchauffer four 180°C. Cuire le quinoa 12 min si cru.\", \"duration_minutes\": 12}, {\"step\": 2, \"instruction\": \"Sauter oignon/ail, cuire la viande, ajouter sauce et quinoa.\", \"duration_minutes\": 8}, {\"step\": 3, \"instruction\": \"Farcir les poivrons, cuire 20‑25 min.\", \"duration_minutes\": 25}]","Utilisez viande très maigre; congélation possible.","{\"calories\": 367, \"protein\": 30, \"carbs\": 28, \"fat\": 15, \"fiber\": 6, \"sugar\": 8}"
"Sauté tofu‑légumes & sarrasin","Sauté de crevettes & brocoli sur riz complet, rassasiant. Sources: USDA FoodData Central (estimations), University of Sydney GI Foundation/International GI tables, Harvard T.H. Chan School of Public Health.","dinner","12","10","2","easy","low","{insulin_regulation,weight_management,energy_boost}","{dairy_free,high_protein}","{cravings,fatigue,insulin_resistance}","{ovulation}","{protein,vitamin_b12,zinc,magnesium}","390","False","{all_seasons}","[{\"name\": \"crevettes décortiquées\", \"quantity\": \"300g\", \"category\": \"proteins\"}, {\"name\": \"riz complet cuit\", \"quantity\": \"300g\", \"category\": \"grains\"}, {\"name\": \"brocoli\", \"quantity\": \"200g\", \"category\": \"vegetables\"}, {\"name\": \"carotte\", \"quantity\": \"1\", \"category\": \"vegetables\"}, {\"name\": \"ail\", \"quantity\": \"1 gousse\", \"category\": \"spices\"}, {\"name\": \"gingembre\", \"quantity\": \"1 càc râpé\", \"category\": \"spices\"}, {\"name\": \"sauce soja (réduite en sel)\", \"quantity\": \"2 càs\", \"category\": \"other\"}, {\"name\": \"huile de sésame\", \"quantity\": \"1 càs\", \"category\": \"fats\"}]","[{\"step\": 1, \"instruction\": \"Chauffer l'huile et sauter ail et gingembre 1 min.\", \"duration_minutes\": 1}, {\"step\": 2, \"instruction\": \"Cuire les crevettes 3‑4 min; réserver.\", \"duration_minutes\": 4}, {\"step\": 3, \"instruction\": \"Sauter brocoli et carotte 5 min.\", \"duration_minutes\": 5}, {\"step\": 4, \"instruction\": \"Remettre crevettes, ajouter sauce soja; servir sur riz.\", \"duration_minutes\": 2}]","Ajoutez un filet de citron vert au service.","{\"calories\": 390, \"protein\": 30, \"carbs\": 45, \"fat\": 10, \"fiber\": 6, \"sugar\": 5}"
"Curry vert poulet & légumes (lait de coco léger)","Curry de pois chiches à la courge, épices anti‑inflammatoires. Sources: USDA FoodData Central (estimations), University of Sydney GI Foundation/International GI tables, Harvard T.H. Chan School of Public Health.","dinner","15","25","4","easy","low","{inflammation_reduction,hormone_balance,stress_reduction}","{vegan,gluten_free,high_fiber,dairy_free}","{inflammation,bloating,acne}","{luteal}","{fiber,magnesium,iron,folate}","358","True","{winter}","[{\"name\": \"pois chiches cuits\", \"quantity\": \"400g\", \"category\": \"proteins\"}, {\"name\": \"courge butternut\", \"quantity\": \"300g en dés\", \"category\": \"vegetables\"}, {\"name\": \"épinards\", \"quantity\": \"100g\", \"category\": \"vegetables\"}, {\"name\": \"lait de coco léger\", \"quantity\": \"400ml\", \"category\": \"other\"}, {\"name\": \"tomates concassées\", \"quantity\": \"400g\", \"category\": \"vegetables\"}, {\"name\": \"oignon\", \"quantity\": \"1\", \"category\": \"vegetables\"}, {\"name\": \"ail\", \"quantity\": \"2 gousses\", \"category\": \"spices\"}, {\"name\": \"curcuma\", \"quantity\": \"1 càc\", \"category\": \"spices\"}, {\"name\": \"gingembre\", \"quantity\": \"1 càs râpé\", \"category\": \"spices\"}, {\"name\": \"huile de coco\", \"quantity\": \"1 càs\", \"category\": \"fats\"}]","[{\"step\": 1, \"instruction\": \"Suer oignon, ail, gingembre dans l'huile.\", \"duration_minutes\": 3}, {\"step\": 2, \"instruction\": \"Ajouter curcuma, courge, pois chiches, tomates et lait de coco.\", \"duration_minutes\": 2}, {\"step\": 3, \"instruction\": \"Mijoter ~20 min jusqu'à tendreté.\", \"duration_minutes\": 20}, {\"step\": 4, \"instruction\": \"Ajouter épinards 2 min; assaisonner.\", \"duration_minutes\": 2}]","Servez avec riz complet ou quinoa si besoin.","{\"calories\": 358, \"protein\": 14, \"carbs\": 44, \"fat\": 14, \"fiber\": 10, \"sugar\": 8}"
"Aubergines farcies aux pois chiches","Poivrons farcis bœuf‑quinoa, riches en fer. Sources: USDA FoodData Central (estimations), University of Sydney GI Foundation/International GI tables, Harvard T.H. Chan School of Public Health.","dinner","15","25","2","medium","low","{hormone_balance,insulin_regulation,fertility_support}","{gluten_free,high_protein}","{fatigue,period_pain,cravings}","{menstrual}","{iron,protein,vitamin_b12,folate}","367","False","{winter}","[{\"name\": \"bœuf haché maigre\", \"quantity\": \"220g\", \"category\": \"proteins\"}, {\"name\": \"quinoa cuit\", \"quantity\": \"120g\", \"category\": \"grains\"}, {\"name\": \"poivrons\", \"quantity\": \"2 grands\", \"category\": \"vegetables\"}, {\"name\": \"sauce tomate\", \"quantity\": \"200ml\", \"category\": \"vegetables\"}, {\"name\": \"oignon\", \"quantity\": \"1/2\", \"category\": \"vegetables\"}, {\"name\": \"ail\", \"quantity\": \"1 gousse\", \"category\": \"spices\"}, {\"name\": \"origan\", \"quantity\": \"1 càc\", \"category\": \"spices\"}, {\"name\": \"huile d'olive\", \"quantity\": \"1 càs\", \"category\": \"fats\"}]","[{\"step\": 1, \"instruction\": \"Préchauffer four 180°C. Cuire le quinoa 12 min si cru.\", \"duration_minutes\": 12}, {\"step\": 2, \"instruction\": \"Sauter oignon/ail, cuire la viande, ajouter sauce et quinoa.\", \"duration_minutes\": 8}, {\"step\": 3, \"instruction\": \"Farcir les poivrons, cuire 20‑25 min.\", \"duration_minutes\": 25}]","Utilisez viande très maigre; congélation possible.","{\"calories\": 367, \"protein\": 30, \"carbs\": 28, \"fat\": 15, \"fiber\": 6, \"sugar\": 8}"
"Wok bœuf maigre & haricots verts","Sauté de crevettes & brocoli sur riz complet, rassasiant. Sources: USDA FoodData Central (estimations), University of Sydney GI Foundation/International GI tables, Harvard T.H. Chan School of Public Health.","dinner","12","10","2","easy","low","{insulin_regulation,weight_management,energy_boost}","{dairy_free,high_protein}","{cravings,fatigue,insulin_resistance}","{ovulation}","{protein,vitamin_b12,zinc,magnesium}","390","False","{all_seasons}","[{\"name\": \"crevettes décortiquées\", \"quantity\": \"300g\", \"category\": \"proteins\"}, {\"name\": \"riz complet cuit\", \"quantity\": \"300g\", \"category\": \"grains\"}, {\"name\": \"brocoli\", \"quantity\": \"200g\", \"category\": \"vegetables\"}, {\"name\": \"carotte\", \"quantity\": \"1\", \"category\": \"vegetables\"}, {\"name\": \"ail\", \"quantity\": \"1 gousse\", \"category\": \"spices\"}, {\"name\": \"gingembre\", \"quantity\": \"1 càc râpé\", \"category\": \"spices\"}, {\"name\": \"sauce soja (réduite en sel)\", \"quantity\": \"2 càs\", \"category\": \"other\"}, {\"name\": \"huile de sésame\", \"quantity\": \"1 càs\", \"category\": \"fats\"}]","[{\"step\": 1, \"instruction\": \"Chauffer l'huile et sauter ail et gingembre 1 min.\", \"duration_minutes\": 1}, {\"step\": 2, \"instruction\": \"Cuire les crevettes 3‑4 min; réserver.\", \"duration_minutes\": 4}, {\"step\": 3, \"instruction\": \"Sauter brocoli et carotte 5 min.\", \"duration_minutes\": 5}, {\"step\": 4, \"instruction\": \"Remettre crevettes, ajouter sauce soja; servir sur riz.\", \"duration_minutes\": 2}]","Ajoutez un filet de citron vert au service.","{\"calories\": 390, \"protein\": 30, \"carbs\": 45, \"fat\": 10, \"fiber\": 6, \"sugar\": 5}"
"Ragoût haricots rouges & patate douce","Curry de pois chiches à la courge, épices anti‑inflammatoires. Sources: USDA FoodData Central (estimations), University of Sydney GI Foundation/International GI tables, Harvard T.H. Chan School of Public Health.","dinner","15","25","4","easy","low","{inflammation_reduction,hormone_balance,stress_reduction}","{vegan,gluten_free,high_fiber,dairy_free}","{inflammation,bloating,acne}","{luteal}","{fiber,magnesium,iron,folate}","358","True","{winter}","[{\"name\": \"pois chiches cuits\", \"quantity\": \"400g\", \"category\": \"proteins\"}, {\"name\": \"courge butternut\", \"quantity\": \"300g en dés\", \"category\": \"vegetables\"}, {\"name\": \"épinards\", \"quantity\": \"100g\", \"category\": \"vegetables\"}, {\"name\": \"lait de coco léger\", \"quantity\": \"400ml\", \"category\": \"other\"}, {\"name\": \"tomates concassées\", \"quantity\": \"400g\", \"category\": \"vegetables\"}, {\"name\": \"oignon\", \"quantity\": \"1\", \"category\": \"vegetables\"}, {\"name\": \"ail\", \"quantity\": \"2 gousses\", \"category\": \"spices\"}, {\"name\": \"curcuma\", \"quantity\": \"1 càc\", \"category\": \"spices\"}, {\"name\": \"gingembre\", \"quantity\": \"1 càs râpé\", \"category\": \"spices\"}, {\"name\": \"huile de coco\", \"quantity\": \"1 càs\", \"category\": \"fats\"}]","[{\"step\": 1, \"instruction\": \"Suer oignon, ail, gingembre dans l'huile.\", \"duration_minutes\": 3}, {\"step\": 2, \"instruction\": \"Ajouter curcuma, courge, pois chiches, tomates et lait de coco.\", \"duration_minutes\": 2}, {\"step\": 3, \"instruction\": \"Mijoter ~20 min jusqu'à tendreté.\", \"duration_minutes\": 20}, {\"step\": 4, \"instruction\": \"Ajouter épinards 2 min; assaisonner.\", \"duration_minutes\": 2}]","Servez avec riz complet ou quinoa si besoin.","{\"calories\": 358, \"protein\": 14, \"carbs\": 44, \"fat\": 14, \"fiber\": 10, \"sugar\": 8}"
"Saumon teriyaki light & pak choï","Sauté de crevettes & brocoli sur riz complet, rassasiant. Sources: USDA FoodData Central (estimations), University of Sydney GI Foundation/International GI tables, Harvard T.H. Chan School of Public Health.","dinner","12","10","2","easy","low","{insulin_regulation,weight_management,energy_boost}","{dairy_free,high_protein}","{cravings,fatigue,insulin_resistance}","{ovulation}","{protein,vitamin_b12,zinc,magnesium}","390","False","{all_seasons}","[{\"name\": \"crevettes décortiquées\", \"quantity\": \"300g\", \"category\": \"proteins\"}, {\"name\": \"riz complet cuit\", \"quantity\": \"300g\", \"category\": \"grains\"}, {\"name\": \"brocoli\", \"quantity\": \"200g\", \"category\": \"vegetables\"}, {\"name\": \"carotte\", \"quantity\": \"1\", \"category\": \"vegetables\"}, {\"name\": \"ail\", \"quantity\": \"1 gousse\", \"category\": \"spices\"}, {\"name\": \"gingembre\", \"quantity\": \"1 càc râpé\", \"category\": \"spices\"}, {\"name\": \"sauce soja (réduite en sel)\", \"quantity\": \"2 càs\", \"category\": \"other\"}, {\"name\": \"huile de sésame\", \"quantity\": \"1 càs\", \"category\": \"fats\"}]","[{\"step\": 1, \"instruction\": \"Chauffer l'huile et sauter ail et gingembre 1 min.\", \"duration_minutes\": 1}, {\"step\": 2, \"instruction\": \"Cuire les crevettes 3‑4 min; réserver.\", \"duration_minutes\": 4}, {\"step\": 3, \"instruction\": \"Sauter brocoli et carotte 5 min.\", \"duration_minutes\": 5}, {\"step\": 4, \"instruction\": \"Remettre crevettes, ajouter sauce soja; servir sur riz.\", \"duration_minutes\": 2}]","Ajoutez un filet de citron vert au service.","{\"calories\": 390, \"protein\": 30, \"carbs\": 45, \"fat\": 10, \"fiber\": 6, \"sugar\": 5}"
"Energy balls avoine‑amande‑chia","Energy balls IG bas, riches en fibres et bons lipides. Sources: USDA FoodData Central (estimations), University of Sydney GI Foundation/International GI tables, Harvard T.H. Chan School of Public Health.","snack","12","0","8","easy","low","{insulin_regulation,energy_boost,stress_reduction}","{vegan,gluten_free,high_fiber,dairy_free}","{cravings,anxiety,fatigue}","{all_seasons}","{fiber,magnesium,zinc,antioxidants}","139","True","{all_seasons}","[{\"name\": \"flocons d'avoine\", \"quantity\": \"120g\", \"category\": \"grains\"}, {\"name\": \"beurre d'amande\", \"quantity\": \"80g\", \"category\": \"fats\"}, {\"name\": \"graines de chia\", \"quantity\": \"2 càs\", \"category\": \"other\"}, {\"name\": \"graines de lin moulues\", \"quantity\": \"1 càs\", \"category\": \"other\"}, {\"name\": \"pépites de chocolat noir (≥70%)\", \"quantity\": \"30g\", \"category\": \"other\"}, {\"name\": \"sirop d'érable\", \"quantity\": \"1 càs\", \"category\": \"other\"}]","[{\"step\": 1, \"instruction\": \"Mélanger tous les ingrédients jusqu'à pâte homogène.\", \"duration_minutes\": 3}, {\"step\": 2, \"instruction\": \"Former 16 petites boules; réfrigérer 30 min.\", \"duration_minutes\": 0}]","Conservez au frais 1 semaine; parfait avant une séance douce.","{\"calories\": 139, \"protein\": 5, \"carbs\": 14, \"fat\": 7, \"fiber\": 3, \"sugar\": 4}"
"Houmous & crudités croquantes","Houmous maison et crudités croquantes. Sources: USDA FoodData Central (estimations), University of Sydney GI Foundation/International GI tables, Harvard T.H. Chan School of Public Health.","snack","8","0","2","beginner","medium","{insulin_regulation,weight_management,energy_boost}","{vegan,gluten_free,high_fiber,dairy_free}","{cravings,fatigue,insulin_resistance}","{all_seasons}","{fiber,protein,magnesium,iron}","201","True","{all_seasons}","[{\"name\": \"pois chiches cuits\", \"quantity\": \"200g\", \"category\": \"proteins\"}, {\"name\": \"tahini\", \"quantity\": \"1 càs\", \"category\": \"fats\"}, {\"name\": \"citron\", \"quantity\": \"1/2 (jus)\", \"category\": \"fruits\"}, {\"name\": \"ail\", \"quantity\": \"1/2 gousse\", \"category\": \"spices\"}, {\"name\": \"carotte\", \"quantity\": \"1 en bâtonnets\", \"category\": \"vegetables\"}, {\"name\": \"concombre\", \"quantity\": \"1/2 en bâtonnets\", \"category\": \"vegetables\"}, {\"name\": \"huile d'olive\", \"quantity\": \"1 càs\", \"category\": \"fats\"}]","[{\"step\": 1, \"instruction\": \"Mixer pois chiches, tahini, citron, ail et huile.\", \"duration_minutes\": 3}, {\"step\": 2, \"instruction\": \"Servir avec bâtonnets de légumes.\", \"duration_minutes\": 2}]","Ajoutez paprika fumé ou cumin selon vos goûts.","{\"calories\": 201, \"protein\": 10, \"carbs\": 20, \"fat\": 9, \"fiber\": 6, \"sugar\": 3}"
"Smoothie framboise‑lin","Smoothie fruits rouges riche en antioxydants. Sources: USDA FoodData Central (estimations), University of Sydney GI Foundation/International GI tables, Harvard T.H. Chan School of Public Health.","snack","5","0","1","beginner","medium","{inflammation_reduction,stress_reduction,energy_boost}","{vegan,gluten_free,dairy_free}","{anxiety,mood_swings,inflammation}","{ovulation,luteal}","{antioxidants,magnesium,omega3,fiber}","154","True","{summer}","[{\"name\": \"framboises surgelées\", \"quantity\": \"120g\", \"category\": \"fruits\"}, {\"name\": \"yaourt végétal nature\", \"quantity\": \"120g\", \"category\": \"other\"}, {\"name\": \"graines de lin moulues\", \"quantity\": \"1 càs\", \"category\": \"other\"}, {\"name\": \"eau\", \"quantity\": \"50ml\", \"category\": \"other\"}]","[{\"step\": 1, \"instruction\": \"Mixer tous les ingrédients et servir frais.\", \"duration_minutes\": 2}]","Ajoutez quelques feuilles de menthe pour la fraîcheur.","{\"calories\": 154, \"protein\": 5, \"carbs\": 20, \"fat\": 6, \"fiber\": 6, \"sugar\": 10}"
"Yaourt grec, noix & chia","Parfait express yaourt grec, noix et graines (IG bas). Sources: USDA FoodData Central (estimations), University of Sydney GI Foundation/International GI tables, Harvard T.H. Chan School of Public Health.","snack","3","0","1","beginner","medium","{insulin_regulation,weight_management,hormone_balance}","{vegetarian,gluten_free,high_protein}","{cravings,insulin_resistance,fatigue}","{all_seasons}","{protein,calcium,fiber,magnesium}","208","True","{all_seasons}","[{\"name\": \"yaourt grec nature\", \"quantity\": \"170g\", \"category\": \"dairy\"}, {\"name\": \"noix\", \"quantity\": \"20g\", \"category\": \"fats\"}, {\"name\": \"graines de chia\", \"quantity\": \"1 càc\", \"category\": \"other\"}, {\"name\": \"miel\", \"quantity\": \"1 càc (optionnel)\", \"category\": \"other\"}]","[{\"step\": 1, \"instruction\": \"Mélanger yaourt, noix et chia. Sucrer légèrement si besoin.\", \"duration_minutes\": 2}]","Choisissez un yaourt nature non sucré.","{\"calories\": 208, \"protein\": 15, \"carbs\": 10, \"fat\": 12, \"fiber\": 4, \"sugar\": 6}"
"Trail mix noix‑graines & chocolat noir","Mélange minute de noix et graines, anti‑coup de barre. Sources: USDA FoodData Central (estimations), University of Sydney GI Foundation/International GI tables, Harvard T.H. Chan School of Public Health.","snack","2","0","4","beginner","medium","{energy_boost,stress_reduction}","{vegan,gluten_free,dairy_free}","{fatigue,anxiety}","{all_seasons}","{magnesium,zinc,antioxidants,omega3}","224","True","{all_seasons}","[{\"name\": \"amandes\", \"quantity\": \"60g\", \"category\": \"fats\"}, {\"name\": \"noix de cajou\", \"quantity\": \"60g\", \"category\": \"fats\"}, {\"name\": \"noisettes\", \"quantity\": \"40g\", \"category\": \"fats\"}, {\"name\": \"graines de courge\", \"quantity\": \"30g\", \"category\": \"other\"}, {\"name\": \"chocolat noir (≥70%)\", \"quantity\": \"30g\", \"category\": \"other\"}, {\"name\": \"canneberges séchées\", \"quantity\": \"30g\", \"category\": \"fruits\"}]","[{\"step\": 1, \"instruction\": \"Mélanger tous les ingrédients et conserver dans une boîte.\", \"duration_minutes\": 1}]","Attention aux portions : 30g représentent une bonne collation.","{\"calories\": 224, \"protein\": 6, \"carbs\": 14, \"fat\": 16, \"fiber\": 3, \"sugar\": 9}"
"Coupe de chia aux fraises","Coupe de chia express aux fraises (IG bas). Sources: USDA FoodData Central (estimations), University of Sydney GI Foundation/International GI tables, Harvard T.H. Chan School of Public Health.","snack","5","0","2","easy","medium","{insulin_regulation,inflammation_reduction}","{vegan,gluten_free,dairy_free,high_fiber}","{insulin_resistance,inflammation}","{follicular,ovulation}","{fiber,omega3,magnesium,antioxidants}","220","True","{summer}","[{\"name\": \"graines de chia\", \"quantity\": \"40g\", \"category\": \"other\"}, {\"name\": \"lait d'amande\", \"quantity\": \"250ml\", \"category\": \"other\"}, {\"name\": \"fraises\", \"quantity\": \"120g\", \"category\": \"fruits\"}, {\"name\": \"amandes effilées\", \"quantity\": \"1 càs\", \"category\": \"fats\"}]","[{\"step\": 1, \"instruction\": \"Mélanger chia et lait; laisser épaissir 15‑30 min.\", \"duration_minutes\": 0}, {\"step\": 2, \"instruction\": \"Garnir de fraises et amandes.\", \"duration_minutes\": 2}]","Pour une prise plus rapide, mélangez 2 fois pendant le repos.","{\"calories\": 220, \"protein\": 6, \"carbs\": 22, \"fat\": 12, \"fiber\": 10, \"sugar\": 10}"
"Édamame tièdes salés","Édamame tièdes, collation protéinée et IG bas. Sources: USDA FoodData Central (estimations), University of Sydney GI Foundation/International GI tables, Harvard T.H. Chan School of Public Health.","snack","2","5","2","beginner","medium","{weight_management,insulin_regulation}","{vegan,gluten_free,high_protein,dairy_free}","{cravings,insulin_resistance}","{all_seasons}","{protein,fiber,magnesium,iron}","224","True","{all_seasons}","[{\"name\": \"gousses d'édamame surgelées\", \"quantity\": \"300g\", \"category\": \"proteins\"}, {\"name\": \"sel\", \"quantity\": \"1 pincée\", \"category\": \"other\"}]","[{\"step\": 1, \"instruction\": \"Cuire édamame 5 min dans eau bouillante salée.\", \"duration_minutes\": 5}, {\"step\": 2, \"instruction\": \"Égoutter et servir tiède.\", \"duration_minutes\": 1}]","Saupoudrez de piment ou d'ail en poudre.","{\"calories\": 224, \"protein\": 20, \"carbs\": 18, \"fat\": 8, \"fiber\": 8, \"sugar\": 3}"
"Smoothie myrtille‑coco","Smoothie fruits rouges riche en antioxydants. Sources: USDA FoodData Central (estimations), University of Sydney GI Foundation/International GI tables, Harvard T.H. Chan School of Public Health.","snack","5","0","1","beginner","medium","{inflammation_reduction,stress_reduction,energy_boost}","{vegan,gluten_free,dairy_free}","{anxiety,mood_swings,inflammation}","{ovulation,luteal}","{antioxidants,magnesium,omega3,fiber}","154","True","{summer}","[{\"name\": \"framboises surgelées\", \"quantity\": \"120g\", \"category\": \"fruits\"}, {\"name\": \"yaourt végétal nature\", \"quantity\": \"120g\", \"category\": \"other\"}, {\"name\": \"graines de lin moulues\", \"quantity\": \"1 càs\", \"category\": \"other\"}, {\"name\": \"eau\", \"quantity\": \"50ml\", \"category\": \"other\"}]","[{\"step\": 1, \"instruction\": \"Mixer tous les ingrédients et servir frais.\", \"duration_minutes\": 2}]","Ajoutez quelques feuilles de menthe pour la fraîcheur.","{\"calories\": 154, \"protein\": 5, \"carbs\": 20, \"fat\": 6, \"fiber\": 6, \"sugar\": 10}"
"Mousse cacao‑avocat IG bas","Mousse cacao‑avocat onctueuse, IG bas et riche en magnésium. Sources: USDA FoodData Central (estimations), University of Sydney GI Foundation/International GI tables, Harvard T.H. Chan School of Public Health.","dessert","10","0","2","easy","medium","{stress_reduction,hormone_balance,weight_management}","{vegan,gluten_free,dairy_free,low_carb}","{cravings,anxiety,mood_swings}","{luteal}","{magnesium,antioxidants,fiber,omega3}","284","True","{all_seasons}","[{\"name\": \"avocat mûr\", \"quantity\": \"1 grand\", \"category\": \"vegetables\"}, {\"name\": \"cacao en poudre non sucré\", \"quantity\": \"2 càs\", \"category\": \"other\"}, {\"name\": \"lait d'amande\", \"quantity\": \"80ml\", \"category\": \"other\"}, {\"name\": \"sirop d'érable\", \"quantity\": \"1 càs (ou moins)\", \"category\": \"other\"}, {\"name\": \"vanille\", \"quantity\": \"1/2 càc\", \"category\": \"other\"}, {\"name\": \"graines de chia moulues\", \"quantity\": \"1 càs\", \"category\": \"other\"}]","[{\"step\": 1, \"instruction\": \"Mixer tous les ingrédients jusqu'à crème lisse.\", \"duration_minutes\": 3}, {\"step\": 2, \"instruction\": \"Réfrigérer 20‑30 min pour raffermir.\", \"duration_minutes\": 0}]","Servez avec quelques framboises fraîches.","{\"calories\": 284, \"protein\": 6, \"carbs\": 20, \"fat\": 20, \"fiber\": 8, \"sugar\": 12}"
"Crumble pommes IG modéré (sans farine blanche)","Crumble pommes IG modéré, sans farine blanche ni sucre raffiné. Sources: USDA FoodData Central (estimations), University of Sydney GI Foundation/International GI tables, Harvard T.H. Chan School of Public Health.","dessert","12","25","4","easy","medium","{insulin_regulation,weight_management}","{vegetarian,gluten_free,high_fiber}","{cravings,insulin_resistance}","{all_seasons}","{fiber,antioxidants,magnesium,calcium}","270","False","{autumn}","[{\"name\": \"pommes\", \"quantity\": \"4, en dés\", \"category\": \"fruits\"}, {\"name\": \"flocons d'avoine sans gluten\", \"quantity\": \"120g\", \"category\": \"grains\"}, {\"name\": \"farine d'amande\", \"quantity\": \"60g\", \"category\": \"grains\"}, {\"name\": \"noix concassées\", \"quantity\": \"40g\", \"category\": \"fats\"}, {\"name\": \"huile de coco\", \"quantity\": \"2 càs\", \"category\": \"fats\"}, {\"name\": \"cannelle\", \"quantity\": \"1 càc\", \"category\": \"spices\"}, {\"name\": \"jus de citron\", \"quantity\": \"1 càs\", \"category\": \"fruits\"}]","[{\"step\": 1, \"instruction\": \"Préchauffer four 180°C. Mélanger pommes, cannelle, citron.\", \"duration_minutes\": 5}, {\"step\": 2, \"instruction\": \"Sabler avoine, farine d'amande, noix et huile de coco.\", \"duration_minutes\": 5}, {\"step\": 3, \"instruction\": \"Répartir crumble sur pommes; cuire 25 min.\", \"duration_minutes\": 25}]","Servez tiède avec un yaourt grec nature (optionnel).","{\"calories\": 270, \"protein\": 6, \"carbs\": 30, \"fat\": 14, \"fiber\": 6, \"sugar\": 16}"
"Brownie haricots noirs & cacao","Brownie fondant aux haricots noirs, riche en fibres. Sources: USDA FoodData Central (estimations), University of Sydney GI Foundation/International GI tables, Harvard T.H. Chan School of Public Health.","dessert","10","20","8","medium","medium","{insulin_regulation,hormone_balance}","{vegetarian,gluten_free,high_fiber}","{cravings,insulin_resistance}","{all_seasons}","{fiber,magnesium,antioxidants,protein}","228","True","{all_seasons}","[{\"name\": \"haricots noirs cuits et égouttés\", \"quantity\": \"400g\", \"category\": \"proteins\"}, {\"name\": \"cacao en poudre non sucré\", \"quantity\": \"3 càs\", \"category\": \"other\"}, {\"name\": \"œufs\", \"quantity\": \"2\", \"category\": \"proteins\"}, {\"name\": \"huile de coco\", \"quantity\": \"2 càs\", \"category\": \"fats\"}, {\"name\": \"sirop d'érable\", \"quantity\": \"2 càs\", \"category\": \"other\"}, {\"name\": \"extrait de vanille\", \"quantity\": \"1 càc\", \"category\": \"other\"}, {\"name\": \"pépites de chocolat noir\", \"quantity\": \"40g\", \"category\": \"other\"}]","[{\"step\": 1, \"instruction\": \"Préchauffer four 180°C. Mixer tous les ingrédients sauf pépites.\", \"duration_minutes\": 5}, {\"step\": 2, \"instruction\": \"Incorporer pépites, verser en moule et cuire 20 min.\", \"duration_minutes\": 20}]","Laissez refroidir complètement avant de découper pour une meilleure texture.","{\"calories\": 228, \"protein\": 8, \"carbs\": 22, \"fat\": 12, \"fiber\": 6, \"sugar\": 12}"
